N201	Sports	Soccer	Title: Sports Soccer	Abstract: Sports Soccer	https://sportswire.example/sports/N201	[]	[]
N202	Sports	Basketball	Title: Sports Basketball	Abstract: Sports Basketball	https://sportswire.example/sports/N202	[]	[]
N203	Finance	Markets	Title: Finance Markets	Abstract: Finance Markets	https://marketdesk.example/finance/N203	[]	[]
N204	Finance	Economy	Title: Finance Economy	Abstract: Finance Economy	https://marketdesk.example/finance/N204	[]	[]
N205	Tech	Gadgets	Title: Tech Gadgets	Abstract: Tech Gadgets	https://techradar.example/tech/N205	[]	[]
N206	Tech	AI	Title: Tech AI	Abstract: Tech AI	https://techradar.example/tech/N206	[]	[]
N207	Health	Nutrition	Title: Health Nutrition	Abstract: Health Nutrition	https://wellnesshub.example/health/N207	[]	[]
N208	Health	Fitness	Title: Health Fitness	Abstract: Health Fitness	https://wellnesshub.example/health/N208	[]	[]
N209	Entertainment	Movies	Title: Entertainment Movies	Abstract: Entertainment Movies	https://screenbeat.example/entertainment/N209	[]	[]
N210	Entertainment	TV	Title: Entertainment TV	Abstract: Entertainment TV	https://screenbeat.example/entertainment/N210	[]	[]
N211	World	Politics	Title: World Politics	Abstract: World Politics	https://globalpost.example/world/N211	[]	[]
N212	World	Climate	Title: World Climate	Abstract: World Climate	https://globalpost.example/world/N212	[]	[]
